{
  "title": "Untitled Project",
  "description": "",
  "head": "<meta charset=\"UTF-8\" />\n<meta name=\"viewport\" content=\"width=device-width, initial-scale=1.0\" />",
  "htmlAttrs": "lang=\"en\" class=\"\"",
  "tags": [],
  "autoupdate": true,
  "autosave": false,
  "autotest": false,
  "delay": 1500,
  "formatOnsave": false,
  "view": "split",
  "mode": "full",
  "theme": "dark",
  "layout": "responsive",
  "recoverUnsaved": true,
  "showSpacing": false,
  "welcome": true,
  "readonly": false,
  "allowLangChange": true,
  "activeEditor": "script",
  "markup": {
    "language": "html",
    "content": ""
  },
  "style": {
    "language": "css",
    "content": ".container,\n.container button {\n  text-align: center;\n  font: 1em sans-serif;\n}\n.logo {\n  width: 150px;\n}\n"
  },
  "script": {
    "language": "react",
    "content": "import React, { useState } from 'react';\n\nfunction App() {\n  // Состояние для отслеживания текущего экрана\n  const [currentScreen, setCurrentScreen] = useState('main');\n  \n  // 15 разных фонов для экранов\n  const backgrounds = {\n    main: '#FF0000', // Красный (главный экран)\n    screen1: '#FFFFFF', // Белый\n    screen2: '#87CEEB', // Голубой\n    screen3: '#90EE90', // Зеленый\n    screen4: '#FFFFE0', // Желтый\n    screen5: '#D8BFD8', // Фиолетовый\n    screen6: '#FFDAB9', // Персиковый\n    screen7: '#B0E0E6', // Пудровый\n    screen8: '#F0FFF0', // Медовый\n    screen9: '#F0F8FF', // Небесный\n    screen10: '#000000', // Черный (10-й экран - черно-желтый)\n    screen11: '#FFFFFF', // Белый\n    screen12: '#87CEEB', // Голубой\n    screen13: '#90EE90', // Зеленый\n    screen14: '#000000', // Черный (14-й экран - черно-желтый)\n    screen15: '#FFFFFF', // Белый\n  };\n  \n  // Добавляем желтый для 10-го и 14-го экранов\n  if (currentScreen === 'screen10' || currentScreen === 'screen14') {\n    backgrounds[currentScreen] = 'linear-gradient(45deg, #000000 50%, #FFFF00 50%)'; // Черно-желтый градиент\n  }\n  \n  // 15 разных надписей\n  const screens = [\n    \"Главная\", \"Новости\", \"Сообщения\", \n    \"Звонки\", \"Контакты\", \"Настройки\", \n    \"Галерея\", \"Музыка\", \"Видео\", \n    \"Игры\", \"Камера\", \"Календарь\", \n    \"Погода\", \"Браузер\", \"Профиль\"\n  ];\n  \n  // Стили контейнера (телефон)\n  const phoneStyle = {\n    width: '350px',\n    height: '600px',\n    backgroundColor: '#333',\n    borderRadius: '30px',\n    padding: '10px',\n    position: 'relative',\n    boxShadow: '0 0 20px rgba(0, 0, 0, 0.5)',\n    margin: '0 auto',\n    overflow: 'hidden',\n  };\n  \n  // Стили для экрана телефона\n  const screenStyle = {\n    width: '100%',\n    height: '90%',\n    backgroundColor: backgrounds[currentScreen],\n    borderRadius: '20px',\n    position: 'relative',\n    overflow: 'hidden',\n    transition: 'background-color 0.5s ease',\n  };\n  \n  // Стили для надписей на главном экране\n  const appIconStyle = {\n    position: 'absolute',\n    width: '60px',\n    height: '60px',\n    backgroundColor: 'rgba(255, 255, 255, 0.8)',\n    borderRadius: '15px',\n    display: 'flex',\n    justifyContent: 'center',\n    alignItems: 'center',\n    cursor: 'pointer',\n    fontSize: '12px',\n    textAlign: 'center',\n    transition: 'transform 0.3s ease',\n  };\n  \n  // Позиции для 15 иконок на главном экране\n  const positions = [\n    { top: '10%', left: '10%' },\n    { top: '10%', left: '40%' },\n    { top: '10%', right: '10%' },\n    { top: '30%', left: '10%' },\n    { top: '30%', left: '40%' },\n    { top: '30%', right: '10%' },\n    { top: '50%', left: '10%' },\n    { top: '50%', left: '40%' },\n    { top: '50%', right: '10%' },\n    { top: '70%', left: '10%' },\n    { top: '70%', left: '40%' },\n    { top: '70%', right: '10%' },\n    { top: '90%', left: '10%' },\n    { top: '90%', left: '40%' },\n    { top: '90%', right: '10%' },\n  ];\n  \n  // Стили для кнопки \"Назад\"\n  const backButtonStyle = {\n    position: 'absolute',\n    top: '10px',\n    left: '10px',\n    padding: '8px 15px',\n    backgroundColor: 'rgba(0, 0, 0, 0.5)',\n    color: 'white',\n    border: 'none',\n    borderRadius: '5px',\n    cursor: 'pointer',\n    zIndex: 10,\n  };\n  \n  return (\n    <div style={{ padding: '20px' }}>\n      <div style={phoneStyle}>\n        <div style={screenStyle}>\n          {/* Кнопка \"Назад\" (показывается не на главном экране) */}\n          {currentScreen !== 'main' && (\n            <button \n              style={backButtonStyle}\n              onClick={() => setCurrentScreen('main')}\n            >\n              Назад\n            </button>\n          )}\n          \n          {/* Отображаем иконки только на главном экране */}\n          {currentScreen === 'main' && screens.map((text, index) => (\n            <div\n              key={index}\n              style={{\n                ...appIconStyle,\n                top: positions[index].top,\n                left: positions[index].left,\n                right: positions[index].right,\n              }}\n              onClick={() => setCurrentScreen(`screen${index + 1}`)}\n              onMouseOver={(e) => e.target.style.transform = 'scale(1.1)'}\n              onMouseOut={(e) => e.target.style.transform = 'scale(1)'}\n            >\n              {text}\n            </div>\n          ))}\n          \n          {/* Содержимое для других экранов */}\n          {currentScreen !== 'main' && (\n            <div style={{ \n              display: 'flex', \n              justifyContent: 'center', \n              alignItems: 'center', \n              height: '100%', \n              color: currentScreen === 'screen10' || currentScreen === 'screen14' ? 'white' : 'black',\n              fontSize: '24px',\n              textAlign: 'center',\n              padding: '20px'\n            }}>\n              <h2>{screens[parseInt(currentScreen.replace('screen', '')) - 1]}</h2>\n            </div>\n          )}\n        </div>\n        \n        {/* Кнопки телефона (имитация) */}\n        <div style={{ \n          position: 'absolute', \n          bottom: '10px', \n          left: '50%', \n          transform: 'translateX(-50%)',\n          width: '60px',\n          height: '5px',\n          backgroundColor: '#666',\n          borderRadius: '3px'\n        }}></div>\n      </div>\n    </div>\n  );\n}\n\nexport default App;"
  },
  "stylesheets": [],
  "scripts": [],
  "cssPreset": "",
  "imports": {},
  "types": {},
  "tests": {
    "language": "typescript",
    "content": ""
  },
  "tools": {
    "enabled": "all",
    "active": "console",
    "status": "closed"
  },
  "zoom": 1,
  "processors": [],
  "customSettings": {},
  "useTabs": false,
  "tabSize": 2,
  "lineNumbers": true,
  "wordWrap": false,
  "closeBrackets": true,
  "foldRegions": false,
  "semicolons": true,
  "singleQuote": false,
  "trailingComma": true,
  "emmet": true,
  "enableAI": false,
  "version": "46"
}